"V1";"i"
0.179209470598999;350
0.16755657998075;351
0.153182351693701;352
0.142166079237733;353
0.136804992474029;354
0.131360740757122;355
0.121039032462663;356
0.110973414626547;357
0.105396164657437;358
0.0980789939532524;359
0.0941780701166925;360
0.0914252659908705;361
0.0853354540841311;362
0.0819148552813133;363
0.0783144304851049;364
0.0731585054943664;365
0.0673870783794299;366
0.0644799192135836;367
0.0618580020491827;368
0.057707205976867;369
0.0540016749185344;370
0.0498943780184906;371
0.0464377417076278;372
0.0446833778946625;373
0.0428555592602428;374
0.040881709842077;375
0.0386179674833736;376
0.0359574451854576;377
0.0348398226948683;378
0.034474239043342;379
0.0339388530313391;380
0.0327894183172677;381
0.0305799982740348;382
0.0288621457726445;383
0.028777749262075;384
0.0279483737002228;385
0.0267722856799498;386
0.025801636711028;387
0.0255756566296011;388
0.0259953487549076;389
0.0259459914163897;390
0.0251737848352097;391
0.0247839750819634;392
0.0239586168987691;393
0.023528668299145;394
0.0238956476805726;395
0.022665283513696;396
0.0221825162580405;397
0.0224980077135213;398
0.022399841057692;399
0.0220986809609712;400
0.0214138822128607;401
0.0206472575344659;402
0.0207161402017215;403
0.0207414567013952;404
0.020290604045894;405
0.0194182236323631;406
0.0191767489186613;407
0.0192647298516151;408
0.0193353755803278;409
0.0190726037106196;410
0.0185859498338586;411
0.0181893862917201;412
0.0179148151536055;413
0.0174555012050477;414
0.0173423877333749;415
0.0173900583185347;416
0.0173117541495787;417
0.0169984712297749;418
0.0165986182556114;419
0.016278078494837;420
0.016173236413955;421
0.0162358302436368;422
0.0161216406559179;423
0.0157293453180536;424
0.0152547120313958;425
0.014833752655319;426
0.0147595233775538;427
0.0149876419637504;428
0.0145130519427431;429
0.0142039333588533;430
0.0141066296209094;431
0.0138996036605583;432
0.0136912243752095;433
0.0135392097280863;434
0.013426136168821;435
0.0132549444581428;436
0.0131548369411316;437
0.0130780466013572;438
0.0129748962106536;439
0.0129048612778956;440
0.0128514054080182;441
0.0127818296670094;442
0.0126708754757056;443
0.0125975444451206;444
0.012571465614474;445
0.0126074144821558;446
0.0127417032617967;447
0.0128183000209835;448
0.0128945144304665;449
0.0130235689738899;450
0.0130390919850751;451
0.0131529791151922;452
0.013303533054154;453
0.0132875813484744;454
0.0132869667173487;455
0.0133275308234447;456
0.0134018722852661;457
0.0134858766833467;458
0.0135584126823137;459
0.0135652563228181;460
0.013498044964663;461
0.0135592507782965;462
0.0136018635374932;463
0.0136244081224784;464
0.0137312122809658;465
0.0137452969017358;466
0.0137915021528909;467
0.0139082173677552;468
0.013845474082177;469
0.0139367118553302;470
0.0140976308367687;471
0.0141368079290282;472
0.0141461828004754;473
0.0142609371769603;474
0.0144488546690199;475
0.0145209604426556;476
0.0146632122400727;477
0.0147840131766988;478
0.0148252239256946;479
0.0149620640889724;480
0.0150451863658466;481
0.0151204711769496;482
0.0153024079775323;483
0.0154968829959049;484
0.0156305571959055;485
0.0157618178964598;486
0.0161126538135071;487
0.0163782367210874;488
0.0166439944907093;489
0.0170236949405815;490
0.0173701640569467;491
0.017744742757251;492
0.0181795444101291;493
0.0186870055786676;494
0.0193029944558744;495
0.0199561495606791;496
0.0206491385544338;497
0.0215403855732816;498
0.0224933393536665;499
0.0235189075479928;500
0.0246683397781896;501
0.0259385468752464;502
0.0273564719606027;503
0.0289532582672325;504
0.0307604405338498;505
0.032769559172333;506
0.0349492528001261;507
0.0373078284367108;508
0.0399522912118238;509
0.0428443101208652;510
0.0459605687599819;511
0.049302860099406;512
0.0529686421701038;513
0.0569116115679239;514
0.0611065326435849;515
0.0655677260460263;516
0.0703124329084557;517
0.0752924312774974;518
0.08045287764191;519
0.0857529960635066;520
0.0912431341899972;521
0.0968186805640181;522
0.102293194854804;523
0.107750056425675;524
0.113113710133584;525
0.118303179169924;526
0.123266236166381;527
0.127927227449846;528
0.132293315665794;529
0.136384408271676;530
0.14011012389259;531
0.143497773100471;532
0.146575124936069;533
0.14936533777963;534
0.15184259633813;535
0.153994144512239;536
0.155845022770397;537
0.157511374469086;538
0.158947804544058;539
0.160184508886314;540
0.161291061857179;541
0.162340202239961;542
0.163316317258005;543
0.164227447430515;544
0.165126482109884;545
0.165967793768738;546
0.166753736306979;547
0.167486649736187;548
0.168130721809455;549
0.168637448153276;550
0.16897895663878;551
0.16913786126768;552
0.169032223886665;553
0.168673248174254;554
0.168050767553392;555
0.167076516840035;556
0.165786948546241;557
0.164222526051471;558
0.162431396649854;559
0.160450032767183;560
0.158302458411487;561
0.156001473112042;562
0.153545026217816;563
0.150955027235778;564
0.148235912466674;565
0.145386975493848;566
0.142418452880675;567
0.13934431377534;568
0.13620687318944;569
0.133058095283064;570
0.1299728422797;571
0.126934549375589;572
0.123963211473702;573
0.121145357948214;574
0.118515537375001;575
0.116066234102352;576
0.113771926347602;577
0.111641567590898;578
0.109675354003499;579
0.107850460516378;580
0.106123493354058;581
0.10448321189535;582
0.102929000555034;583
0.101458224883189;584
0.100056569996126;585
0.0987540519430845;586
0.0975520270269381;587
0.0964377153213505;588
0.0954059050545737;589
0.0944649654649216;590
0.0936232274100955;591
0.092889834879039;592
0.0922799632524402;593
0.0917568100277727;594
0.0912828606910176;595
0.0908680586613112;596
0.0905069385982442;597
0.0901701120308256;598
0.0898108280789689;599
0.0894057532660201;600
0.088973653992451;601
0.0885096633587513;602
0.0879443731943467;603
0.0872956959540395;604
0.0865543543393338;605
0.0857098271780679;606
0.0847867697396844;607
0.0837628623904023;608
0.0826634557356412;609
0.0815655128282969;610
0.0804416926726679;611
0.0793145042670922;612
0.0782084286488735;613
0.0771231380631704;614
0.0760864911514405;615
0.0751302949384091;616
0.0742824451523693;617
0.0735181746971718;618
0.0728713065213018;619
0.0723619563632346;620
0.0719783210584886;621
0.0717076709472078;622
0.0715451991452548;623
0.0714935072314338;624
0.0715744744619562;625
0.071747824193128;626
0.0719844493644201;627
0.0722665772593086;628
0.0725751946644727;629
0.0728681646923763;630
0.0731036328267533;631
0.0732580167117794;632
0.0732495312763986;633
0.0730380773335982;634
0.0726070597770888;635
0.0719419544503528;636
0.0710506124459553;637
0.0699562315648962;638
0.068695779993287;639
0.0673003266318105;640
0.0657957504958901;641
0.0642138180421296;642
0.0626054407010301;643
0.0610031363933846;644
0.0594397709360328;645
0.0579484580561579;646
0.0565776814013507;647
0.0553585338847219;648
0.0543230893098897;649
0.0535166684597644;650
0.0528787147045428;651
0.0523669487089765;652
0.0519294720311796;653
0.051467562652871;654
0.0509745837510415;655
0.050401976493365;656
0.049669457799253;657
0.0488054250167058;658
0.0478462535780894;659
0.0468264729836728;660
0.0457641158252859;661
0.0447030904273332;662
0.0437019092998276;663
0.0428087855080554;664
0.0419852976311232;665
0.0412856996664273;666
0.0407304120865627;667
0.0402973151419168;668
0.0400165317535039;669
0.0398576097451078;670
0.0397939059239281;671
0.0398494093170538;672
0.0400027341947764;673
0.0402470591469887;674
0.0405814446826944;675
0.0409855621534857;676
0.0414844560477036;677
0.0420954736141536;678
0.0428160610167534;679
0.0436943702670574;680
0.0447814404143894;681
0.0461285812182953;682
0.0477701793203357;683
0.0498090098647181;684
0.0523634543478063;685
0.0555663133809149;686
0.0595378162889525;687
0.0644857871674946;688
0.0705978969901839;689
0.0780108613226995;690
0.0868755522540612;691
0.0972918007006818;692
0.10931691767253;693
0.122927906361595;694
0.138016315039192;695
0.154470146329957;696
0.172168908054189;697
0.190973218168265;698
0.210718410333298;699
0.231235517866242;700
0.252309993973728;701
0.273778005761777;702
0.295479246858736;703
0.317277915175872;704
0.339121034971051;705
0.360962194114743;706
0.382786186573154;707
0.404615262180914;708
0.426456786703787;709
0.448304221267044;710
0.470173617918013;711
0.49206820748258;712
0.513965742108963;713
0.535810568109241;714
0.557548948117624;715
0.579187475894952;716
0.600632544765591;717
0.621825273564551;718
0.642742085706321;719
0.663323368383084;720
0.683483641477982;721
0.703132449443939;722
0.722205959958001;723
0.74068440385218;724
0.758510193786123;725
0.775621428280179;726
0.791981557370313;727
0.807581311757309;728
0.822414928147307;729
0.836467003491743;730
0.849707341269961;731
0.862166446524364;732
0.873861883893248;733
0.884776831093351;734
0.89497427198738;735
0.904461981576289;736
0.913239514688245;737
0.921359976841209;738
0.928849366057468;739
0.935718475096023;740
0.941971444502557;741
0.947656814188555;742
0.95280290081193;743
0.957433620552768;744
0.961571512013287;745
0.965255261538399;746
0.968517321648565;747
0.971392168820703;748
0.973938640280581;749
0.976150753668941;750
0.978068039466151;751
0.979761737250126;752
0.98122119223994;753
0.982477253713294;754
0.983565955303738;755
0.984524033030147;756
0.985335805574708;757
0.986014617394828;758
0.986580768026205;759
0.987046416033168;760
0.98741538919533;761
0.987708142223826;762
0.987948724454172;763
0.988110512857428;764
0.988217220634653;765
0.988279026958414;766
0.988282265324321;767
0.988255237561645;768
0.988198004340092;769
0.988111505715245;770
0.988017259205709;771
0.987925323286546;772
0.987844361623241;773
0.987774612563889;774
0.987677228205046;775
0.987595527659901;776
0.987546450906754;777
0.987513195687372;778
0.987462476694393;779
0.987417055929027;780
0.98739664446647;781
0.987393564311242;782
0.98739341695822;783
0.987392136500128;784
0.987390109563427;785
0.98738677221849;786
0.987388522385347;787
0.98739912323922;788
0.987420800621342;789
0.987465293646896;790
0.987495776348603;791
0.987505003358354;792
0.987531421038025;793
0.98753838684387;794
0.987559292021517;795
0.987610980960849;796
0.987622094963875;797
0.987641588609707;798
0.987670702880754;799
0.987694459014537;800
0.987721796097462;801
0.987754678655194;802
0.987774659130914;803
0.987754960478674;804
0.987767478250426;805
0.987773866218721;806
0.987761532959145;807
0.987783381767564;808
0.987786191427525;809
0.987773646730319;810
0.987760989070932;811
0.987748693969502;812
0.987753792088579;813
0.987748149585763;814
0.98770081933658;815
0.987682500223979;816
0.987698080199887;817
0.987733214534069;818
0.987756891098074;819
0.987710642471791;820
0.987626619885124;821
0.987530909271437;822
0.987415436535968;823
0.9873352498615;824
0.987261231184696;825
0.987157015587715;826
0.987031813924748;827
0.986898218355301;828
0.986743485833189;829
0.986559378850989;830
0.986412621696433;831
0.986271171055811;832
0.986141753577428;833
0.986057747471879;834
0.985985908694464;835
0.985925525527706;836
0.985875139890213;837
0.985828039268816;838
0.985797295354823;839
0.985780795399542;840
0.985768375147041;841
0.985740840083775;842
0.985704993755804;843
0.985672663201489;844
0.985651734496233;845
0.985631584369681;846
0.985580211520402;847
0.98553175839064;848
0.985538706501718;849
0.985538403646396;850
0.985500959220702;851
0.985441522100983;852
0.985408562429726;853
0.985383438058532;854
0.985338181870586;855
0.985267004398907;856
0.985197042365434;857
0.985161627220813;858
0.985120719655053;859
0.98504908113316;860
0.984992240132644;861
0.984948142173101;862
0.984907775189859;863
0.984857828707996;864
0.984786203194415;865
0.984691148383987;866
0.984593212734222;867
0.984516557145329;868
0.984442245118509;869
0.984377003052018;870
0.984314677994177;871
0.984239095336361;872
0.984139876617645;873
0.984039299708056;874
0.983939598457269;875
0.983819646105156;876
0.983713694219567;877
0.983612949214473;878
0.983503108292607;879
0.983374835339564;880
0.983251829631734;881
0.983140416447014;882
0.983032669029257;883
0.982900244898133;884
0.982758653578328;885
0.982620568236362;886
0.982490199073863;887
0.982346992822795;888
0.982205352009688;889
0.982065357505299;890
0.981920197150079;891
0.981757763786093;892
0.981637391601666;893
0.981526180643895;894
0.981354905359428;895
0.981218272654924;896
0.981068159008163;897
0.980901370087977;898
0.980754465168791;899
0.98058892143611;900
0.980412863306708;901
0.980247167181934;902
0.980113511625991;903
0.979956582271522;904
0.979779023572164;905
0.979589266815824;906
0.979389746088445;907
0.979213629502834;908
0.979035182312269;909
0.978836397378866;910
0.978637195483353;911
0.978430568380414;912
0.97820203120419;913
0.977954464257838;914
0.977737929073161;915
0.977449111371628;916
0.977136164974367;917
0.976850560212289;918
0.97651287457924;919
0.97613997984311;920
0.975742919837735;921
0.975322866645443;922
0.974848230545262;923
0.974329991576066;924
0.97379752496327;925
0.973266366713282;926
0.972668463525914;927
0.972023450998162;928
0.971330383363626;929
0.970588521370376;930
0.969850126005134;931
0.969094878680396;932
0.968296878167818;933
0.96744416079336;934
0.966588000279374;935
0.965724509699932;936
0.964811629357464;937
0.963803685930267;938
0.962781999201154;939
0.961708071296157;940
0.960581145851717;941
0.959424793865436;942
0.958187140442878;943
0.956864539230378;944
0.955453204904631;945
0.953944319556881;946
0.952343400120096;947
0.950641980148312;948
0.948843720019059;949
0.946965726725339;950
0.945018033814218;951
0.943040334630585;952
0.941035995716127;953
0.938990726212952;954
0.93703198623651;955
0.935174583403491;956
0.933430040196502;957
0.931822224158493;958
0.930386295384611;959
0.929099268985834;960
0.927946959871977;961
0.926935779036226;962
0.92610573802945;963
0.925377425352919;964
0.924722943873866;965
0.924170176881609;966
0.923692517442877;967
0.923266631103627;968
0.922881124573967;969
0.922540702086316;970
0.922285593353667;971
0.922052526692243;972
0.921835915550613;973
0.921680404928364;974
0.921562315963322;975
0.921481970188914;976
0.921442515057352;977
0.921447248243431;978
0.921495118203123;979
0.92158330703375;980
0.921710175418044;981
0.921873188179497;982
0.922057868938947;983
0.922292270710702;984
0.922573217240065;985
0.922881616120509;986
0.923230370806751;987
0.923623547041752;988
0.924025150742577;989
0.924407326069157;990
0.924867343229073;991
0.925332819920059;992
0.92579220333416;993
0.926277148656845;994
0.926856014268212;995
0.927396383716019;996
0.927918976593729;997
0.928489392048047;998
0.929114328547655;999
0.929665767864977;1000
0.930237206081281;1001
0.930773209532427;1002
0.931327224512908;1003
0.931888598228762;1004
0.932459503439675;1005
0.933063345266894;1006
0.93366965489882;1007
0.934278771509171;1008
0.934893517117156;1009
0.93552240182746;1010
0.936163075989791;1011
0.936800461540488;1012
0.937432029103111;1013
0.938066110955729;1014
0.938693356639117;1015
0.939327443826617;1016
0.939977417046683;1017
0.940609229806365;1018
0.941222903485353;1019
0.941841347729314;1020
0.942445954825497;1021
0.943048643422879;1022
0.943649615094605;1023
0.944256350210661;1024
0.944837693883483;1025
0.945417808098304;1026
0.945984007237649;1027
0.9465294202624;1028
0.947080840530114;1029
0.947617478952511;1030
0.948143105738139;1031
0.948679233419228;1032
0.949211329596898;1033
0.949721033683051;1034
0.950229785603528;1035
0.950738298755927;1036
0.95122726163215;1037
0.951701025636061;1038
0.952162352765076;1039
0.952612975802713;1040
0.953054537451158;1041
0.953477393773701;1042
0.95389290830204;1043
0.954302670642089;1044
0.954677620836591;1045
0.955039595470855;1046
0.955393851126274;1047
0.955728227777489;1048
0.956058353760054;1049
0.956378728180253;1050
0.956677812562365;1051
0.956958421593758;1052
0.957226355041236;1053
0.957471836174958;1054
0.957695122968663;1055
0.957901454185588;1056
0.958103094930018;1057
0.958295973589572;1058
0.958474142619061;1059
0.958640441844965;1060
0.958785386574325;1061
0.958905373895172;1062
0.95901952898295;1063
0.959122413140149;1064
0.959203834641639;1065
0.959270174920519;1066
0.959327408406668;1067
0.959372954548475;1068
0.9594028502183;1069
0.959426380581564;1070
0.959427396168465;1071
0.959412416573383;1072
0.959372162866757;1073
0.959324421200869;1074
0.959266300123602;1075
0.959185587199125;1076
0.959085078302092;1077
0.958969108397476;1078
0.958832937867878;1079
0.958684398193494;1080
0.958531288411877;1081
0.95836474957978;1082
0.958194496753191;1083
0.957997849018279;1084
0.957791286944007;1085
0.95755489945426;1086
0.957297470743406;1087
0.957020883728287;1088
0.956721918611513;1089
0.956409171605824;1090
0.956094316960035;1091
0.955748904411215;1092
0.955386276565427;1093
0.955020473173136;1094
0.954634400363039;1095
0.954233761558055;1096
0.953816337446826;1097
0.95338588239543;1098
0.952946278430484;1099
0.952490077255408;1100
0.952024097115859;1101
0.951548334691357;1102
0.951068703681948;1103
0.950580292760203;1104
0.950083785914185;1105
0.94958076757424;1106
0.949070742348413;1107
0.948558920658641;1108
0.948032426764265;1109
0.94749748514502;1110
0.946955052016111;1111
0.946404011050954;1112
0.945844807823852;1113
0.945264792981488;1114
0.944678156162745;1115
0.94406910532032;1116
0.94345451838279;1117
0.942784181295191;1118
0.942095002839037;1119
0.941360083532011;1120
0.940604105148114;1121
0.939766217003055;1122
0.938888071095588;1123
0.937944827471389;1124
0.936932308783603;1125
0.935805780111247;1126
0.934570260279363;1127
0.933215027087045;1128
0.931738711147019;1129
0.930132572745035;1130
0.928318150854473;1131
0.926375225342523;1132
0.924228918114029;1133
0.921910601444656;1134
0.919348624999132;1135
0.916599562813276;1136
0.913657119061817;1137
0.910503326993869;1138
0.907149895014059;1139
0.903546401904025;1140
0.89987638517788;1141
0.896061991821251;1142
0.892041814362095;1143
0.887937092012164;1144
0.883802572068023;1145
0.879688124366091;1146
0.875446847238137;1147
0.87134854640006;1148
0.867249227309559;1149
0.863356272295738;1150
0.859479253834418;1151
0.855834187636608;1152
0.852331207595415;1153
0.849078438467308;1154
0.845983676264212;1155
0.843117910366036;1156
0.840477499507799;1157
0.838060598258972;1158
0.835871276435915;1159
0.833825457569508;1160
0.832005319732025;1161
0.830376110997987;1162
0.828878300257919;1163
0.827540641114391;1164
0.826308378207637;1165
0.825247905353189;1166
0.824249335644975;1167
0.823363881556457;1168
0.822529155107757;1169
0.821805355176114;1170
0.821109756273457;1171
0.820483261694235;1172
0.819874081932352;1173
0.8193286833456;1174
0.818783551955633;1175
0.818267942648128;1176
0.817747726581769;1177
0.817243314391921;1178
0.816740701233275;1179
0.816232242740614;1180
0.815722972714288;1181
0.815197466252953;1182
0.814663547675661;1183
0.814129273006932;1184
0.813580698625801;1185
0.813037744892279;1186
0.812487674115486;1187
0.811957508005914;1188
0.811421096535634;1189
0.810912662154419;1190
0.810407356375991;1191
0.809949377448878;1192
0.809506358612015;1193
0.80911053880437;1194
0.808752246171324;1195
0.808439977135303;1196
0.808161300923003;1197
0.807931933965033;1198
0.80774878008479;1199
0.807615955051531;1200
0.807517423938814;1201
0.807464229747515;1202
0.807440110162005;1203
0.807455053767198;1204
0.807498221591386;1205
0.807574975175488;1206
0.807680047782959;1207
0.807820568737727;1208
0.807980781839745;1209
0.808167003283482;1210
0.808379512318305;1211
0.808623208062647;1212
0.808879636717782;1213
0.809154637317152;1214
0.809456089620973;1215
0.809780625912545;1216
0.810119779755368;1217
0.810478992690276;1218
0.810865240746908;1219
0.811263468248671;1220
0.811673923094874;1221
0.812104702671035;1222
0.812556597653503;1223
0.813025622953765;1224
0.813511212607928;1225
0.814012965070601;1226
0.814539732612041;1227
0.815071260648003;1228
0.815632265918669;1229
0.816169769573753;1230
0.816717513681133;1231
0.817244077490377;1232
0.817756512305781;1233
0.818254578828441;1234
0.818730024252557;1235
0.819210066557232;1236
0.819688930411739;1237
0.820149748482405;1238
0.820603185843063;1239
0.821061662674725;1240
0.821489086265039;1241
0.821892475768724;1242
0.822289373507893;1243
0.822665451848105;1244
0.823047964778763;1245
0.823424599575623;1246
0.823793050712459;1247
0.824159401038138;1248
0.824519480504449;1249
0.824877629459279;1250
0.825215568129721;1251
0.82555007132478;1252
0.825864314701301;1253
0.82616328900889;1254
0.826438135815366;1255
0.826696231586279;1256
0.826935633086697;1257
0.827152957592069;1258
0.827349867279444;1259
0.82752212473934;1260
0.827677432078489;1261
0.827806451026096;1262
0.827907315109273;1263
0.82798849765685;1264
0.828056602128071;1265
0.828085215234035;1266
0.828085091731152;1267
0.828054593419988;1268
0.827991882702039;1269
0.827901816418754;1270
0.827782362130663;1271
0.827636185663953;1272
0.827466443603079;1273
0.827259445364056;1274
0.827026517435347;1275
0.826754518940635;1276
0.826452934347181;1277
0.826104705423496;1278
0.825714338757415;1279
0.825289259952029;1280
0.82483058688501;1281
0.824324775940015;1282
0.82377386978445;1283
0.823186643653322;1284
0.822552038542309;1285
0.821870832622368;1286
0.821142749595901;1287
0.820373074833447;1288
0.819560321813896;1289
0.818707935169453;1290
0.817790330669776;1291
0.816824338236669;1292
0.815811999074447;1293
0.814754407426912;1294
0.813626177352092;1295
0.812444083776011;1296
0.811213682241141;1297
0.809930710993379;1298
0.808571052802802;1299
0.807154012610723;1300
0.80568689209699;1301
0.804156183532301;1302
0.802566102891561;1303
0.800893373654829;1304
0.79917050358301;1305
0.797393184346546;1306
0.795504772122046;1307
0.793547204638605;1308
0.7915334401452;1309
0.789442585917577;1310
0.787274170859225;1311
0.785010480068223;1312
0.782678006284306;1313
0.780275986462598;1314
0.777790583511567;1315
0.77520160896149;1316
0.772539132689675;1317
0.769812465420435;1318
0.767008365977148;1319
0.764102392036186;1320
0.76111791678894;1321
0.758081254801376;1322
0.754964048156358;1323
0.751745356244536;1324
0.748457681337094;1325
0.745115054244391;1326
0.741685040520994;1327
0.73821845514167;1328
0.734656008757018;1329
0.731078297558382;1330
0.727487355331271;1331
0.723770898864711;1332
0.720043641268447;1333
0.716290108175219;1334
0.712543952902829;1335
0.70874150422582;1336
0.704947966282812;1337
0.701153300886202;1338
0.69739961268826;1339
0.693610261540448;1340
0.689853932343376;1341
0.686122944614919;1342
0.682463929788183;1343
0.678821616661037;1344
0.675223014341259;1345
0.671667271804573;1346
0.668201906971579;1347
0.664773106802978;1348
0.661386049019773;1349
0.658077297361996;1350
0.654832039319867;1351
0.651617879745975;1352
0.648467536531526;1353
0.645342232886973;1354
0.642285869124806;1355
0.639276456973323;1356
0.636211369532235;1357
0.633172509901961;1358
0.630128967821618;1359
0.627046919977311;1360
0.623955063084876;1361
0.62073785500313;1362
0.617517974289066;1363
0.614136350240686;1364
0.610679151578858;1365
0.606966235645246;1366
0.603156284036182;1367
0.599095821213799;1368
0.594903076117819;1369
0.590321082613449;1370
0.58553221598333;1371
0.580398228799303;1372
0.575002376803713;1373
0.569112439795509;1374
0.56290441893783;1375
0.556272478394212;1376
0.549291243269091;1377
0.541716389046818;1378
0.533653708162424;1379
0.525192966699138;1380
0.516286191796481;1381
0.506655397362945;1382
0.496533006274012;1383
0.485917751582658;1384
0.474768678178646;1385
0.46328796588996;1386
0.451258075353876;1387
0.438967576679492;1388
0.42647440469913;1389
0.413421510800941;1390
0.400354023634529;1391
0.387054659244294;1392
0.373987363876155;1393
0.360727429537143;1394
0.347731983024531;1395
0.334787579254825;1396
0.322314545217547;1397
0.309868336595573;1398
0.297932274646129;1399
0.286391229653983;1400
0.275398613958438;1401
0.264735899986219;1402
0.254623710771945;1403
0.245042499500133;1404
0.23603900185291;1405
0.227522576099884;1406
0.219450504248735;1407
0.211961616486731;1408
0.204933138195436;1409
0.198364691340334;1410
0.192197428913246;1411
0.186518712491916;1412
0.18128515206695;1413
0.17643114221986;1414
0.171803302740506;1415
0.167562369743766;1416
0.163673498092765;1417
0.160026496144686;1418
0.156675169172656;1419
0.153557131498358;1420
0.150673690850547;1421
0.147999207789377;1422
0.145463076555665;1423
0.143124410582087;1424
0.140967987957638;1425
0.138935956657093;1426
0.137046310227776;1427
0.13526761215316;1428
0.133643320078454;1429
0.132110885697337;1430
0.130686451646301;1431
0.129341472748043;1432
0.128110959129065;1433
0.12695698688442;1434
0.125885947337899;1435
0.124890175210433;1436
0.123990798978842;1437
0.123152636502827;1438
0.122382760100586;1439
0.121670072738258;1440
0.121032534022008;1441
0.12044825963198;1442
0.119923749200053;1443
0.119446372512776;1444
0.119030113292041;1445
0.118656078978594;1446
0.11832997563723;1447
0.118041146941665;1448
0.117798017040889;1449
0.117596158581995;1450
0.117426603698365;1451
0.117293814023919;1452
0.117198365578054;1453
0.117138816204069;1454
0.117111579158236;1455
0.117122358452455;1456
0.117174069632617;1457
0.117269323812009;1458
0.117406134389232;1459
0.117588219900248;1460
0.117828606528315;1461
0.1181223527927;1462
0.118470537426956;1463
0.118890596282577;1464
0.119380733608218;1465
0.119934697568464;1466
0.12055603291573;1467
0.12124312347355;1468
0.122011515293385;1469
0.122853965063464;1470
0.12375510638951;1471
0.124731884596936;1472
0.125778647815211;1473
0.126894246029536;1474
0.128060257641113;1475
0.129295713412152;1476
0.130589514259891;1477
0.131944909863066;1478
0.133334528832128;1479
0.134782517615764;1480
0.136289875735704;1481
0.137851656834873;1482
0.139439470505026;1483
0.141075750607304;1484
0.142759326923612;1485
0.1444811142181;1486
0.146230761152902;1487
0.148032595700207;1488
0.149880351449087;1489
0.151765478695428;1490
0.153667006755823;1491
0.155599680329567;1492
0.157581490670165;1493
0.159604735453484;1494
0.161634381404908;1495
0.163687580761319;1496
0.16580830670485;1497
0.167939881373961;1498
0.170092045449775;1499
0.172284911281683;1500
0.174492451904065;1501
0.176741537007998;1502
0.178983281453295;1503
0.181232801532357;1504
0.183562534189612;1505
0.185900393612328;1506
0.188252538072321;1507
0.190635727446337;1508
0.193008219101329;1509
0.195420356314139;1510
0.1978344349204;1511
0.200248534407862;1512
0.20273935637477;1513
0.205228123079866;1514
0.207706451079003;1515
0.210193454938723;1516
0.212703526206127;1517
0.215233530719737;1518
0.217766367345817;1519
0.220291761321219;1520
0.222846334192643;1521
0.225412945443743;1522
0.227968049876588;1523
0.230526501191955;1524
0.233110975351551;1525
0.235696872452876;1526
0.238270990820908;1527
0.240837459140698;1528
0.243421741039064;1529
0.246023146529626;1530
0.248621692820808;1531
0.251202049918326;1532
0.253792111222159;1533
0.256385424216033;1534
0.258960757980302;1535
0.261526030789171;1536
0.264111410464101;1537
0.266697582659864;1538
0.269265039655717;1539
0.271816814146816;1540
0.27436777210807;1541
0.276930159926869;1542
0.279487830134283;1543
0.282017693257294;1544
0.284554109384575;1545
0.287095011150467;1546
0.289613680273214;1547
0.292115938111838;1548
0.294625658290698;1549
0.297127849076742;1550
0.299610781158259;1551
0.302063855283701;1552
0.304510282015915;1553
0.306963058540577;1554
0.309401073696336;1555
0.311804066362656;1556
0.314195976670988;1557
0.316583626151989;1558
0.318944714454387;1559
0.321279142807359;1560
0.323613914887848;1561
0.325941303118168;1562
0.328241811016772;1563
0.33051026170874;1564
0.332761681776927;1565
0.335010156154926;1566
0.337242387485772;1567
0.339433240573839;1568
0.341606620077383;1569
0.34377808789729;1570
0.345918283318445;1571
0.348031464908844;1572
0.350136199167371;1573
0.352229655307899;1574
0.354298185970443;1575
0.356332090871537;1576
0.35833044669262;1577
0.360361990309246;1578
0.362356073599684;1579
0.364319333855308;1580
0.366275745181909;1581
0.368189303732179;1582
0.370092455569544;1583
0.371966065917439;1584
0.373814344547794;1585
0.37568474257825;1586
0.377515304521165;1587
0.379304840030878;1588
0.38108490637974;1589
0.382840530204755;1590
0.384591428285371;1591
0.386307738355227;1592
0.387993504635923;1593
0.389692548303093;1594
0.391355296629895;1595
0.392990333657732;1596
0.39461915817775;1597
0.396218358599353;1598
0.397804526569774;1599
0.399349822840989;1600
0.400868043648014;1601
0.402404878371119;1602
0.403910895383815;1603
0.405387669341282;1604
0.406851612620309;1605
0.408279792853457;1606
0.409694015564352;1607
0.411080010504167;1608
0.412439485687312;1609
0.413811708569625;1610
0.415150745534501;1611
0.416453329898527;1612
0.417746617172245;1613
0.419016108190958;1614
0.420276579900429;1615
0.421506686192884;1616
0.42270714030868;1617
0.423912995383767;1618
0.425089164914485;1619
0.426241026123794;1620
0.427384770111845;1621
0.42850336372493;1622
0.429610097422628;1623
0.430683962455349;1624
0.431734921151293;1625
0.432797494027375;1626
0.433833181155217;1627
0.434847023209126;1628
0.43585048517113;1629
0.436826192003721;1630
0.437793631811139;1631
0.43874006703434;1632
0.439668980033952;1633
0.440605176294389;1634
0.441514987213439;1635
0.442395004267508;1636
0.443262746618381;1637
0.44411155879264;1638
0.444948196637525;1639
0.445758629528382;1640
0.446544150088266;1641
0.447322208662547;1642
0.44806923005112;1643
0.448790437840258;1644
0.449495923546867;1645
0.45017575089553;1646
0.450834109491334;1647
0.451460910667123;1648
0.452065894918351;1649
0.452662352415315;1650
0.453230035401224;1651
0.453764495408961;1652
0.454269998534791;1653
0.454753342367037;1654
0.455205724367072;1655
0.455631191094886;1656
0.456032731895913;1657
0.456410830301379;1658
0.456756483332712;1659
0.457081803439728;1660
0.457381135241339;1661
0.457666561375613;1662
0.457929091573626;1663
0.458176395345291;1664
0.458407666282772;1665
0.4586248806178;1666
0.458825397514477;1667
0.459009109858015;1668
0.459182481330479;1669
0.459332057876039;1670
0.459466574635431;1671
0.459569941204833;1672
0.459651972893343;1673
0.459699782523723;1674
0.459716596386981;1675
0.459700400594559;1676
0.45965318758305;1677
0.45957029474789;1678
0.459451099321888;1679
0.459300145264551;1680
0.459117645529216;1681
0.45889637577241;1682
0.458636290763289;1683
0.45834619365411;1684
0.458021505704664;1685
0.457658720327459;1686
0.4572542356743;1687
0.456829046741666;1688
0.456368836223264;1689
0.455881409969756;1690
0.455361155423373;1691
0.454831184871325;1692
0.454272949598281;1693
0.453699196282667;1694
0.453110294011987;1695
0.452510863236674;1696
0.451896649006393;1697
0.451259416353435;1698
0.450606307648592;1699
0.449942050178985;1700
0.449257613836837;1701
0.448551472818362;1702
0.447832434996165;1703
0.447099053997635;1704
0.446341498688616;1705
0.445569692869232;1706
0.444785083265681;1707
0.443991382661529;1708
0.443181198430127;1709
0.442349888060093;1710
0.441506699532454;1711
0.44065145889764;1712
0.439780196363765;1713
0.438879798019561;1714
0.437966346408964;1715
0.437031129670408;1716
0.436062881268;1717
0.435071924610254;1718
0.434065182983948;1719
0.43303690207405;1720
0.431978964174685;1721
0.430900947080755;1722
0.429802484067085;1723
0.42869798850833;1724
0.427565693483742;1725
0.426421527558231;1726
0.425267328938906;1727
0.42410701581941;1728
0.422953021523947;1729
0.42180009580134;1730
0.420658902426823;1731
0.419535134553008;1732
0.418399157845951;1733
0.417278061222918;1734
0.416168747473129;1735
0.415063446308997;1736
0.413957937535645;1737
0.412833925005701;1738
0.411710565995318;1739
0.41055968957441;1740
0.409346870796926;1741
0.408116412964084;1742
0.406843789020488;1743
0.405515777712738;1744
0.404159923346649;1745
0.402728477294522;1746
0.401272823200115;1747
0.399765932726214;1748
0.398208326181337;1749
0.39660550662508;1750
0.394991539015819;1751
0.393327978797125;1752
0.391652579708537;1753
0.389954460534651;1754
0.388264092618363;1755
0.386546550691577;1756
0.384830169577514;1757
0.38310940130143;1758
0.381420814639349;1759
0.379730497192139;1760
0.378064798231329;1761
0.37642286126066;1762
0.374824766591285;1763
0.373232019463975;1764
0.371690259848504;1765
0.370201192594696;1766
0.368760857521091;1767
0.367358847800818;1768
0.36600804913717;1769
0.364715199272527;1770
0.36348273569445;1771
0.362272104320764;1772
0.361119023937954;1773
0.360028271702997;1774
0.358976022555804;1775
0.357982629429058;1776
0.357037725627215;1777
0.356141532919642;1778
0.355292441014093;1779
0.354475068598802;1780
0.353713572132309;1781
0.353007196994097;1782
0.352345836171778;1783
0.351738873112975;1784
0.351180794939156;1785
0.350677975459216;1786
0.350221766331009;1787
0.349798894738545;1788
0.349430564812628;1789
0.349106377272004;1790
0.348823452847801;1791
0.34858052180558;1792
0.348388611396999;1793
0.348225292058201;1794
0.348098762835805;1795
0.34800201870935;1796
0.347945991500282;1797
0.347910471473479;1798
0.347907532063019;1799
0.347922088098397;1800
0.347878124522328;1801
0.3479300406722;1802
0.348002728867794;1803
0.348093739281551;1804
0.348207489505022;1805
0.348330210670018;1806
0.348474283432401;1807
0.348621687100955;1808
0.348783939984726;1809
0.348946863456589;1810
0.349112123797607;1811
0.349273994362;1812
0.349430082085435;1813
0.349578040699122;1814
0.349704002918548;1815
0.349827882030187;1816
0.34991842925488;1817
0.349990325492013;1818
0.350036023513318;1819
0.350055850551388;1820
0.350044228308953;1821
0.349995796959071;1822
0.34991076011722;1823
0.349785658911748;1824
0.349632658967794;1825
0.349422658865741;1826
0.349171090733007;1827
0.348875275625825;1828
0.348533467333804;1829
0.348140001039958;1830
0.347682632295549;1831
0.34716991661598;1832
0.346604833927884;1833
0.345957623354545;1834
0.345227420397317;1835
0.344438986904909;1836
0.343553939702906;1837
0.34258659153309;1838
0.341538136730681;1839
0.340375281770308;1840
0.339114009239879;1841
0.337762253716999;1842
0.336254169080744;1843
0.334609719493066;1844
0.332833894428077;1845
0.330914841395758;1846
0.328851320501883;1847
0.326653447209133;1848
0.324257176459526;1849
0.321704081891904;1850
0.318997607399385;1851
0.316036809475015;1852
0.312877538251691;1853
0.309506440812875;1854
0.305917236370295;1855
0.302101524340779;1856
0.298083200133836;1857
0.293776781795053;1858
0.289267377339969;1859
0.284543555214663;1860
0.279458914922057;1861
0.274128913394625;1862
0.268546522356891;1863
0.262696817630449;1864
0.256705803537007;1865
0.250409630084172;1866
0.243868580630684;1867
0.237142073050234;1868
0.230219698190659;1869
0.222910404562699;1870
0.215440886532831;1871
0.207831943547836;1872
0.200028569358758;1873
0.192225108969499;1874
0.184241166675774;1875
0.176211881957264;1876
0.168277645677591;1877
0.1603152519391;1878
0.152262846916157;1879
0.144404561586951;1880
0.136707379982766;1881
0.129122448017195;1882
0.121841719901633;1883
0.114754453657712;1884
0.107956533081514;1885
0.101503286163535;1886
0.0952912922814276;1887
0.0892539905098656;1888
0.0836435851225076;1889
0.0783734663694495;1890
0.0733910376367906;1891
0.0688345691369888;1892
0.0646278327854674;1893
0.0607525365815261;1894
0.0572266503513593;1895
0.05392609901774;1896
0.050951513279522;1897
0.0482417501570957;1898
0.045860732784285;1899
0.043657280666996;1900
0.0417212505975788;1901
0.0399882295383345;1902
0.0384364965475207;1903
0.0370444815405882;1904
0.0357737822787204;1905
0.0346453031547856;1906
0.0336417938806971;1907
0.0327276662717277;1908
0.0318947333365266;1909
0.0311793868442171;1910
0.0305037920100675;1911
0.0299112641145891;1912
0.0293715404158591;1913
0.0288708691890009;1914
0.0284190829319487;1915
0.0280100217597388;1916
0.027629773147112;1917
0.0272888371603914;1918
0.0269758716620334;1919
0.0266854866243412;1920
0.0264294198727853;1921
0.0261868972044293;1922
0.0259638761976989;1923
0.025763655421713;1924
0.025584500040649;1925
0.0254200096357612;1926
0.0252742624884754;1927
0.025144871911224;1928
0.0250302309909157;1929
0.0249301422994467;1930
0.0248425582359357;1931
0.0247689424847386;1932
0.0247077307256625;1933
0.0246610142598059;1934
0.0246242660709906;1935
0.0245994477397006;1936
0.0245868236116986;1937
0.0245842605223361;1938
0.0245911977214469;1939
0.0246089189921239;1940
0.0246368872374586;1941
0.0246741248618894;1942
0.024722797128216;1943
0.0247782092941067;1944
0.0248425824184947;1945
0.0249152340278261;1946
0.0249963760875767;1947
0.0250846803238677;1948
0.0251830941735761;1949
0.025289126538005;1950
0.0254033078054617;1951
0.0255252426144749;1952
0.0256525407875973;1953
0.0257871114658406;1954
0.025928026038245;1955
0.0260739810545054;1956
0.0262277687088671;1957
0.0263906179188016;1958
0.0265574643747255;1959
0.0267304871781402;1960
0.0269098445602913;1961
0.0270915135368781;1962
0.027280580967668;1963
0.0274736496025377;1964
0.027669607768985;1965
0.0278736659475397;1966
0.0280848560766163;1967
0.0283002403372864;1968
0.0285232594748936;1969
0.0287488922308127;1970
0.0289772425927116;1971
0.0292130182393497;1972
0.0294536834263015;1973
0.0296985412466137;1974
0.0299552995646925;1975
0.0302175724756564;1976
0.0304857386111684;1977
0.0307617346406891;1978
0.0310420605520576;1979
0.0313267661856747;1980
0.0316201255415854;1981
0.0319181659165808;1982
0.0322258733864082;1983
0.0325437735989325;1984
0.032867010727455;1985
0.0331985563092464;1986
0.0335377585138987;1987
0.0338804455667932;1988
0.0342292795307802;1989
0.0345850310287606;1990
0.0349427918924002;1991
0.0353135487172461;1992
0.0356957274973202;1993
0.0360822681941981;1994
0.03648066711033;1995
0.0368800584071281;1996
0.0372810119742457;1997
0.0376919901440619;1998
0.0381080266861162;1999
0.0385279821215796;2000
0.0389597976722089;2001
0.0394038119507233;2002
0.0398490698136908;2003
0.0403034762298801;2004
0.040758345629229;2005
0.0412152596945209;2006
0.0416797777022275;2007
0.04214642330436;2008
0.0426221612590664;2009
0.0431079690188646;2010
0.0435967190665887;2011
0.0440917609670767;2012
0.0445936610607416;2013
0.0450943171951284;2014
0.0455978542642766;2015
0.0461064095143271;2016
0.0466134384212768;2017
0.0471322391873282;2018
0.0476614389460813;2019
0.0481914691260364;2020
0.0487319301028058;2021
0.0492682830849368;2022
0.0498018405336863;2023
0.050342713006155;2024
0.0508862138305708;2025
0.0514291883121991;2026
0.0519835247765946;2027
0.0525486029465304;2028
0.0531114912587295;2029
0.0536814272495863;2030
0.0542478295651974;2031
0.054811964223724;2032
0.05538313611975;2033
0.0559530404887595;2034
0.0565319285633357;2035
0.0571208105244134;2036
0.0577097097192894;2037
0.0583062772716884;2038
0.058900548873599;2039
0.0594950798985886;2040
0.0600894102010434;2041
0.0606893766930784;2042
0.0612866570053867;2043
0.0618965108694129;2044
0.0625156879911115;2045
0.0631366130913626;2046
0.0637679061410307;2047
0.0643948863211508;2048
0.0650181470534778;2049
0.0656517222881554;2050
0.066282423995371;2051
0.0669272431119395;2052
0.0675860739311173;2053
0.0682488854929277;2054
0.0689187218682383;2055
0.0695990494462826;2056
0.0702791905509668;2057
0.0709606491986194;2058
0.0716550888475525;2059
0.0723523766665764;2060
0.0730649763635943;2061
0.0737929217375413;2062
0.074525934710906;2063
0.0752733913784551;2064
0.0760201850999837;2065
0.0767696483791822;2066
0.0775280959657642;2067
0.0782856713259485;2068
0.079057569201408;2069
0.079840230727825;2070
0.0806372644543359;2071
0.0814354924099672;2072
0.0822483891267397;2073
0.0830528894304837;2074
0.0838537232371026;2075
0.0846660572565542;2076
0.0854766338665112;2077
0.0863011514706278;2078
0.087143182673436;2079
0.0879819182314182;2080
0.088829563424042;2081
0.08967382828723;2082
0.0905119421861202;2083
0.0913595321647532;2084
0.0922112924948448;2085
0.093064076130247;2086
0.0939263593075548;2087
0.0947988850994296;2088
0.0956716312825195;2089
0.0965527313676273;2090
0.0974279048846422;2091
0.0983020308753067;2092
0.0991801356860976;2093
0.100051341514086;2094
0.100936415202862;2095
0.101832991300328;2096
0.10272969762377;2097
0.103642613100083;2098
0.104542393592088;2099
0.105437882298615;2100
0.106327128571138;2101
0.107222274509422;2102
0.108108632159279;2103
0.109010582710987;2104
0.109926281600588;2105
0.110833746461722;2106
0.111748549341421;2107
0.112651854052529;2108
0.113544135698972;2109
0.114444130042012;2110
0.115340260571035;2111
0.116241874665205;2112
0.117152630078382;2113
0.118058802729729;2114
0.118970157935989;2115
0.119871613118679;2116
0.120769340969749;2117
0.121657875005485;2118
0.122547908661172;2119
0.123429483076625;2120
0.124317905105008;2121
0.125211047826399;2122
0.126097571184609;2123
0.126990869667495;2124
0.127863380173607;2125
0.128722049772138;2126
0.129580224558593;2127
0.130423293106073;2128
0.131270311619626;2129
0.132126324198676;2130
0.132965005588229;2131
0.133799960486943;2132
0.134618476698122;2133
0.135421190940339;2134
0.13621029474039;2135
0.136995961857155;2136
0.137770516699005;2137
0.138538967087788;2138
0.139302887342602;2139
0.140053796917394;2140
0.140795041973801;2141
0.141523726755096;2142
0.142238839853829;2143
0.14294773299123;2144
0.143642227153287;2145
0.144335193929188;2146
0.145024388433183;2147
0.145703843601035;2148
0.146383592250161;2149
0.147042522658946;2150
0.147682461904613;2151
0.148317072879498;2152
0.148936430200889;2153
0.149548048842461;2154
0.150152702666462;2155
0.150755382204094;2156
0.151337644390839;2157
0.15190860507351;2158
0.15246220782192;2159
0.152994987462946;2160
0.153525042418684;2161
0.154040411121125;2162
0.154552584720951;2163
0.155058479474685;2164
0.155557361454223;2165
0.156049105131936;2166
0.156532600402671;2167
0.157006161203099;2168
0.157476715176732;2169
0.157936512628819;2170
0.158397469638008;2171
0.15885794980475;2172
0.159314065200237;2173
0.159771070029418;2174
0.160219964112234;2175
0.160661419825026;2176
0.161094387283875;2177
0.161527497824414;2178
0.161953989647657;2179
0.162380823989899;2180
0.162810009412195;2181
0.163230091350149;2182
0.163647385506918;2183
0.164055387916157;2184
0.164455006170889;2185
0.164850900802733;2186
0.165240327793013;2187
0.165624624960266;2188
0.166005983554929;2189
0.16637914224238;2190
0.166748684848487;2191
0.167105600139367;2192
0.167453830669617;2193
0.167791645835862;2194
0.168117624815261;2195
0.168433781433543;2196
0.168740303950192;2197
0.169038452237513;2198
0.169322407465386;2199
0.169596849092612;2200
0.169853047206224;2201
0.170091601823093;2202
0.170322029060783;2203
0.170536279437887;2204
0.170742851580499;2205
0.170942117432381;2206
0.171124987594002;2207
0.171294792545215;2208
0.171449812524166;2209
0.171588635038438;2210
0.171715216799133;2211
0.171827572529183;2212
0.171925907640245;2213
0.172011922458464;2214
0.172080387407901;2215
0.172132396030077;2216
0.172168679117429;2217
0.172187380291691;2218
0.172190571395063;2219
0.172177632365901;2220
0.172150293690347;2221
0.17209991545653;2222
0.172030322301401;2223
0.171942685780746;2224
0.17183386449762;2225
0.171707363352396;2226
0.171564697875965;2227
0.171398097593266;2228
0.171209651595534;2229
0.171000085293955;2230
0.170768266942358;2231
0.170515312217333;2232
0.170238954571644;2233
0.169943477709444;2234
0.169628469657035;2235
0.169288618174429;2236
0.168927264669216;2237
0.168541008239656;2238
0.168126014712064;2239
0.167692420735338;2240
0.167231650955654;2241
0.166756354934152;2242
0.166262994545006;2243
0.165748720823386;2244
0.165218674647688;2245
0.164663492199744;2246
0.164084930765405;2247
0.163480450220722;2248
0.162859130014386;2249
0.162210361003414;2250
0.161555068061662;2251
0.160886153974325;2252
0.16019315269624;2253
0.159485031314326;2254
0.158751187256777;2255
0.15798534577661;2256
0.157214286524958;2257
0.15642165240249;2258
0.155623768095878;2259
0.154815361108711;2260
0.153993435762158;2261
0.153156945441609;2262
0.152313249803822;2263
0.151453052838532;2264
0.150591183837077;2265
0.149713012669692;2266
0.148846779555326;2267
0.147979544679349;2268
0.147115277317991;2269
0.146262947964994;2270
0.145402544696333;2271
0.144530003391619;2272
0.143669622165681;2273
0.142802061027044;2274
0.141954162590331;2275
0.141130915231598;2276
0.14030174168156;2277
0.139478640276366;2278
0.138664487096047;2279
0.137842967018184;2280
0.137012946581117;2281
0.136196099590822;2282
0.135384233062353;2283
0.134574768770205;2284
0.133773312059773;2285
0.132963671034634;2286
0.132156790281962;2287
0.131339717850993;2288
0.130517798655512;2289
0.129686826428149;2290
0.128845399404969;2291
0.128004173541841;2292
0.127159240754118;2293
0.126302568315345;2294
0.125450075366368;2295
0.124569102393946;2296
0.123662789041223;2297
0.122753691755405;2298
0.121818827167305;2299
0.120894229097913;2300
0.119971199089825;2301
0.119038666424926;2302
0.118098510346494;2303
0.117164073112756;2304
0.1162050730285;2305
0.115284731915;2306
0.114369863008423;2307
0.113496452448071;2308
0.112651269090616;2309
0.111844722476504;2310
0.111075177468693;2311
0.110345910476357;2312
0.109659601874935;2313
0.109010119671142;2314
0.108412039299351;2315
0.107838309659497;2316
0.107319279796997;2317
0.10680221882359;2318
0.106314324144568;2319
0.105838357347922;2320
0.105355771535408;2321
0.1048667692844;2322
0.104366190154169;2323
0.103847412424654;2324
0.1033217662191;2325
0.102767937838718;2326
0.102191996487222;2327
0.101597785291769;2328
0.100975485008742;2329
0.100317699246209;2330
0.0996539539187202;2331
0.0989675937404889;2332
0.0982719841884462;2333
0.0975613225112452;2334
0.096834919529974;2335
0.0960930572783548;2336
0.0953376280604674;2337
0.0945631212193752;2338
0.0937791403596346;2339
0.0929751931954135;2340
0.0921757852817478;2341
0.0913635651212591;2342
0.0905564428305299;2343
0.0897535183501414;2344
0.0889469432230411;2345
0.0881255487118416;2346
0.0873325354979519;2347
0.0865385047950388;2348
0.0857822899196174;2349
0.0850559003801751;2350
0.0843469192485545;2351
0.083668175034889;2352
0.0830078474404565;2353
0.082367895712383;2354
0.0817534954455913;2355
0.0811762373873625;2356
0.0806009491053646;2357
0.0800546104485567;2358
0.0794989188432356;2359
0.0789563855934803;2360
0.0784037871773316;2361
0.0778505457076457;2362
0.0772898970654292;2363
0.0767227949104136;2364
0.076152013180588;2365
0.0755732814444974;2366
0.0749938319246212;2367
0.0744161954471913;2368
0.0738310973438731;2369
0.0732350304060655;2370
0.0726470646245027;2371
0.0720537571256852;2372
0.0714697493440138;2373
0.0708984987328163;2374
0.0703220807735542;2375
0.0697488365483067;2376
0.0691780534812098;2377
0.0686039076500077;2378
0.0680368665210802;2379
0.0674777351268484;2380
0.0669196090586192;2381
0.0663658679538491;2382
0.065812635468516;2383
0.0652638545221877;2384
0.0647166630732448;2385
0.0641689569450857;2386
0.0636265696131783;2387
0.0630898444335476;2388
0.0625554807264795;2389
0.0620252293826165;2390
0.0614978049084862;2391
0.0609762244937825;2392
0.0604584003213976;2393
0.0599342058478789;2394
0.0594188088556993;2395
0.0589119131751668;2396
0.0584035726942639;2397
0.0579071435783396;2398
0.0574139223937369;2399
0.0569179276671371;2400
0.0564252100300483;2401
0.0559337422125769;2402
0.0554492565492484;2403
0.0549755793215329;2404
0.0545064299723979;2405
0.0540394025242449;2406
0.0535724823526871;2407
0.0531084845915492;2408
0.0526447811608078;2409
0.0521785064432768;2410
0.0517219162889579;2411
0.051268876778632;2412
0.0508154496999015;2413
0.0503684423413211;2414
0.0499260241241865;2415
0.0494947360220857;2416
0.0490608202875376;2417
0.0486200426009103;2418
0.0481896096905032;2419
0.0477593747739627;2420
0.0473329575551746;2421
0.0469226460965428;2422
0.0465107712308848;2423
0.0460979957855124;2424
0.0456872805985205;2425
0.0452701338673961;2426
0.04486463300144;2427
0.0444758681617845;2428
0.044084981028606;2429
0.0436960730211786;2430
0.0433068329268981;2431
0.0429106732966402;2432
0.0425186532475219;2433
0.0421327702665566;2434
0.0417535622101901;2435
0.0413788316312737;2436
0.0410084710344502;2437
0.0406421442631437;2438
0.0402749763516285;2439
0.0399197823962726;2440
0.0395655077353041;2441
0.0392102982943231;2442
0.0388637230870495;2443
0.0385177021878015;2444
0.0381713034206402;2445
0.0378335935383188;2446
0.0374968159918035;2447
0.0371585130965277;2448
0.0368314291586948;2449
0.036507586311961;2450
0.0361979872232067;2451
0.0359061507551683;2452
0.0356069317502036;2453
0.0353198688807794;2454
0.0350248026756713;2455
0.0347176721914149;2456
0.0344249867886469;2457
0.0341380705934577;2458
0.0338612899691058;2459
0.0335965874094984;2460
0.0333373305498376;2461
0.0330741819275327;2462
0.032816382519723;2463
0.0325718049814026;2464
0.0323258763084094;2465
0.0320920819117827;2466
0.0318632214686779;2467
0.0316300219533663;2468
0.0314072374557212;2469
0.0311840802347867;2470
0.0309697060462268;2471
0.0307709908372528;2472
0.0305720404151075;2473
0.0303774010384522;2474
0.0301924141022591;2475
0.0300153804786125;2476
0.0298480265279698;2477
0.0296867536804659;2478
0.0295197558311956;2479
0.0293482315070584;2480
0.0291853475462585;2481
0.0290412423818565;2482
0.028919598837378;2483
0.0288046765180922;2484
0.0286852193176726;2485
0.0285619515044388;2486
0.0284195578413018;2487
0.0282759542525584;2488
0.02815307508964;2489
0.0280442703376367;2490
0.027961912274742;2491
0.0278940619485468;2492
0.0278261013663793;2493
0.0277579217006331;2494
0.0276783869986837;2495
0.0276002289597706;2496
0.0275304288639452;2497
0.0274756431237276;2498
0.0274411754367192;2499
0.0274160013080058;2500
